{
    "OpticalSpec": {
        "FieldSpec": {
            "F0": {
                "color": [
                    0.0,
                    0.0,
                    0.0,
                    1.0
                ],
                "vlx": 0.0,
                "vly": 0.0,
                "vux": 0.0,
                "vuy": 0.0,
                "wt": 1.0,
                "x": 0.0,
                "y": 0.0
            },
            "F1": {
                "color": [
                    1.0,
                    0.0,
                    0.0,
                    1.0
                ],
                "vlx": 0.00766754,
                "vly": 0.115265,
                "vux": 0.00766754,
                "vuy": 0.136101,
                "wt": 1.0,
                "x": 0.0,
                "y": 8.3805
            },
            "F2": {
                "color": [
                    0.0,
                    0.3333333333333333,
                    1.0,
                    1.0
                ],
                "vlx": 0.0252151,
                "vly": 0.191559,
                "vux": 0.0252151,
                "vuy": 0.235382,
                "wt": 1.0,
                "x": 0.0,
                "y": 13.968
            },
            "F3": {
                "color": [
                    0.3333333333333333,
                    1.0,
                    0.4980392156862745,
                    1.0
                ],
                "vlx": 0.061882,
                "vly": 0.273621,
                "vux": 0.061882,
                "vuy": 0.356087,
                "wt": 1.0,
                "x": 0.0,
                "y": 19.55
            },
            "F4": {
                "color": [
                    1.0,
                    0.3333333333333333,
                    1.0,
                    1.0
                ],
                "vlx": 0.142067,
                "vly": 0.372398,
                "vux": 0.142067,
                "vuy": 0.521553,
                "wt": 1.0,
                "x": 0.0,
                "y": 25.1415
            },
            "F5": {
                "color": [
                    0.3333333333333333,
                    1.0,
                    1.0,
                    1.0
                ],
                "vlx": 0.21917,
                "vly": 0.433136,
                "vux": 0.21917,
                "vuy": 0.633331,
                "wt": 1.0,
                "x": 0.0,
                "y": 27.935
            },
            "FieldType": 0,
            "NumFields": 6
        },
        "PupilSpec": {
            "type": 1,
            "value": 1.45
        },
        "WvlSpec": {
            "NumWvls": 6,
            "ReferenceIndex": 1,
            "W0": {
                "color": [
                    1.0,
                    0.0,
                    0.0,
                    1.0
                ],
                "value": 656.273,
                "weight": 1.0
            },
            "W1": {
                "color": [
                    0.0,
                    0.0,
                    0.0,
                    1.0
                ],
                "value": 587.562,
                "weight": 1.0
            },
            "W2": {
                "color": [
                    0.0,
                    1.0,
                    0.0,
                    1.0
                ],
                "value": 546.074,
                "weight": 1.0
            },
            "W3": {
                "color": [
                    0.0,
                    1.0,
                    1.0,
                    1.0
                ],
                "value": 486.133,
                "weight": 1.0
            },
            "W4": {
                "color": [
                    0.0,
                    0.0,
                    1.0,
                    1.0
                ],
                "value": 435.834,
                "weight": 1.0
            },
            "W5": {
                "color": [
                    1.0,
                    0.3333333333333333,
                    1.0,
                    1.0
                ],
                "value": 404.656,
                "weight": 1.0
            }
        }
    },
    "Surfaces": {
        "NumSurfaces": 31,
        "S0": {
            "Aperture": {
                "Type": "None"
            },
            "Curvature": 0.0,
            "Label": "Obj",
            "Medium": "AIR",
            "Thickness": 10000000000.0,
            "Type": "SPH"
        },
        "S1": {
            "Aperture": {
                "Type": "None"
            },
            "Curvature": 0.008952254938735244,
            "Label": "L1",
            "Medium": "TAF1_HOYA",
            "Thickness": 5.5478,
            "Type": "SPH"
        },
        "S10": {
            "Aperture": {
                "Type": "None"
            },
            "Curvature": -0.0006091312922805644,
            "Label": "L6",
            "Medium": "FCD705_HOYA",
            "Thickness": 12.4672,
            "Type": "SPH"
        },
        "S11": {
            "Aperture": {
                "Type": "None"
            },
            "Curvature": -0.030579075961482596,
            "Label": "L7",
            "Medium": "E-F5_HOYA",
            "Thickness": 1.5,
            "Type": "SPH"
        },
        "S12": {
            "Aperture": {
                "Type": "None"
            },
            "Curvature": 0.004050552515615893,
            "Label": "",
            "Medium": "AIR",
            "Thickness": 0.15,
            "Type": "SPH"
        },
        "S13": {
            "Aperture": {
                "Radius": 24.0,
                "Type": "Circular"
            },
            "Curvature": 0.012008348203671191,
            "Label": "L8",
            "Medium": "TAF1_HOYA",
            "Thickness": 5.882,
            "Type": "SPH"
        },
        "S14": {
            "Aperture": {
                "Type": "None"
            },
            "Curvature": -0.0026521660372634632,
            "Label": "",
            "Medium": "AIR",
            "Thickness": 8.7665,
            "Type": "SPH"
        },
        "S15": {
            "Aperture": {
                "Type": "None"
            },
            "Curvature": 0.011056858790645014,
            "Label": "L9",
            "Medium": "E-FDS1-W_HOYA",
            "Thickness": 5.3037,
            "Type": "SPH"
        },
        "S16": {
            "Aperture": {
                "Type": "None"
            },
            "Curvature": -0.0018957759268685478,
            "Label": "",
            "Medium": "AIR",
            "Thickness": 0.15,
            "Type": "SPH"
        },
        "S17": {
            "Aperture": {
                "Type": "None"
            },
            "Curvature": 0.017973844461539566,
            "Label": "L10",
            "Medium": "FCD515_HOYA",
            "Thickness": 11.866,
            "Type": "SPH"
        },
        "S18": {
            "Aperture": {
                "Type": "None"
            },
            "Curvature": -0.022418609239157238,
            "Label": "L11",
            "Medium": "E-FL5_HOYA",
            "Thickness": 2.482,
            "Type": "SPH"
        },
        "S19": {
            "Aperture": {
                "Type": "None"
            },
            "Curvature": 0.025390699386814607,
            "Label": "",
            "Medium": "AIR",
            "Thickness": 7.3907,
            "Type": "SPH"
        },
        "S2": {
            "Aperture": {
                "Type": "None"
            },
            "Curvature": 0.0019454900913271412,
            "Label": "",
            "Medium": "AIR",
            "Thickness": 0.15,
            "Type": "SPH"
        },
        "S20": {
            "Aperture": {
                "Type": "None"
            },
            "Curvature": 0.0,
            "Label": "",
            "Medium": "AIR",
            "Thickness": 1.5,
            "Type": "SPH"
        },